昵称,地区,日期,评论
殇,四川,2024-12-04 23:06:56,必须祝贺，优秀传统文化必须得到传承！！
草原之鹰,陕西,2024-12-04 23:08:09,好消息，中国文化博大精深，走向世界！
沉默,陕西,2024-12-04 23:08:42,冲出亚洲，走向世界，祖国加油[玫瑰][玫瑰][玫瑰]
芝藕粥,河南,2024-12-04 23:08:54,祝贺祖国越来越强大，传统节日越来越深入人心[鼓掌][鼓掌][鼓掌]
狼行天下,广西,2024-12-04 23:08:02,恭喜贺喜！预祝大家新年快乐！万事如意！身体健康！阖家幸福！心想事成！[发][发][发][发]
Do vis l,山东,2024-12-04 23:09:21,祝愿祖国越来越好！！！为祖国点赞[赞][赞][赞]
涛,山西,2024-12-04 23:07:18,文化强，中国强
阿窝鹅鹅鹅,湖北,2024-12-04 23:09:19,[比心][比心][比心]我爱祖国
咻的一下来了,江苏,2024-12-04 23:06:48,祝国家越来越强大 [大笑][大笑][大笑]
亿杭梦飞,浙江,2024-12-05 21:05:48,弱弱的问一句：韩国也有春节吗[抠鼻][尬笑]
李瑜,山东,2024-12-05 07:21:52,本来就是，申遗成功有这么重要吗？
王二顺,河南,2024-12-05 04:01:30,韩国人怎么想？
斑马不睡觉,海南,2024-12-04 23:07:20,啥时候春节可以放鞭炮回来啊[流泪][流泪][流泪][流泪][流泪][流泪]
媛媛百货,陕西,2024-12-04 23:37:09,没有鞭炮的春节，不能成为完整的春节
上海药皂官方旗舰店直播号,安徽,2024-12-05 08:07:52,申遗成功这么开心，春节不多放两天假吗？[泣不成声][泣不成声]
等我改一下手,广东,2024-12-04 23:08:58,隔壁现在应该没空狗叫了
nobody,四川,2024-12-04 23:08:37,"[看][看][看]以后叫chunjie,不叫Spring Festival"
宇通客车,河南,2024-12-06 11:46:29,祝贺春节申遗成功[撒花][撒花]
刘浩――彬县人在西安!,陕西,2024-12-04 23:06:00,冒昧的问一下，以后过年能放鞭炮吗？[捂脸][捂脸][捂脸]
超哥,天津,2024-12-04 23:09:17,可以放炮吗
J、ump,北京,2024-12-04 23:09:13,可以放鞭炮不[烟花][烟花][烟花]
豫见交通,未知,2024-12-05 13:01:38,春节申遗成功[赞]
柳啸洪,广东,2024-12-05 00:48:30,[鞭炮][鞭炮][鞭炮]放鞭炮庆祝一下[呲牙]
流行经典粤语,广东,2024-12-05 00:17:38,韩国：天塌了……
白玉官方旗舰店,上海,2024-12-05 00:29:38,玉儿热烈祝贺春节申遗成功[玫瑰]永远为祖国骄傲
粤观city集合,湖北,2024-12-04 23:06:11,祝贺祖国![鼓掌]
老爸评测,浙江,2024-12-05 10:11:40,提前祝大家新年快乐！
咻的一下来了,江苏,2024-12-04 23:07:28,提前祝大家2025年新年快乐[抱抱你][抱抱你][抱抱你]
酷酷的柒,四川,2024-12-04 23:07:15,完了，韩国申不了了[看][看][看]
周雪,江苏,2024-12-04 23:22:16,祖国万岁，春节也快来了
胡忠哥 （20：08首播）,广东,2024-12-04 23:08:36,祖国五千多年的历史！应报的都要报，一个都不能少！
城南,四川,2024-12-04 23:08:58,春节发源地-南充市阆中市[爱心][爱心][爱心]
LAQ,江苏,2024-12-04 23:05:08,恭喜恭喜[大笑][大笑][大笑]
郭88,内蒙古,2024-12-04 23:08:04,这个主持人是谁呀
DBB,山西,2024-12-04 23:07:31,为了庆祝一下，是不是多加几天假[捂脸][捂脸][捂脸]
他忘记填了,四川,2024-12-04 23:06:15,春节再来点假期吧，不够用啊！
周雪,江苏,2024-12-04 23:21:45,在即将2025年春节到来之际，给全球华人最好的春节礼物！
校门口李四,湖南,2024-12-04 23:08:13,鞭炮能放么？
^_^／,吉林,2024-12-04 23:06:05,祝贺祝贺祝贺你[送心][送心][送心]
沁如美发,山东,2024-12-04 23:06:44,全世界都过春节[比心][比心][比心]
孟孟呀,广东,2024-12-04 23:08:24,[玫瑰][玫瑰][玫瑰]太棒了！
one2free,广东,2024-12-04 23:09:17,广东传来祝贺[鼓掌][鼓掌][鼓掌][鼓掌][鼓掌][鼓掌][鼓掌][鼓掌][鼓掌]
半勺咖啡,浙江,2024-12-04 23:09:01,气氛都到这了，那就祝大家新年快乐吧！
珍妮玛・德帅,黑龙江,2024-12-04 23:06:23,祖国万岁
蓓蓓Chen,广西,2024-12-04 23:09:18,[赞][赞][赞]
LINKIN PARK,四川,2024-12-04 23:09:23,大家一个月后新年快乐！
烨宇潘泮,广西,2024-12-04 23:09:18,必须点赞[赞][赞][赞]
rio6644,上海,2024-12-04 23:09:14,[赞][赞][赞]
舍予LED大屏（宏顺电子）,安徽,2024-12-04 23:07:18,太好了，中秋应该也可以吧[666][666][666]
（李）,上海,2024-12-04 23:08:38,华夏人，牛！！！
景县呔戈童装用品店,河北,2024-12-04 23:08:39,让世界都过春节[微笑][微笑][微笑]
小小杏花仙,北京,2024-12-04 23:08:47,我就知道，是我们的！毋庸置疑！
Ink-LC,江苏,2024-12-04 23:06:25,第一了，祝祖国妈妈繁荣昌盛
^_^／,吉林,2024-12-04 23:06:23,千万别被韩国人搞事情啊兄弟们
学不会.,浙江,2024-12-04 23:05:55,祖国万岁！
o灬恙,安徽,2024-12-04 23:07:51,好吧，蹲个第一！！
茶醋酱盐油米菜,安徽,2024-12-04 23:09:10,[玫瑰][玫瑰][玫瑰]
敌敌卫,河南,2024-12-04 23:06:51,中国万岁
和平精英小龙（不收徒）,甘肃,2024-12-04 23:06:51,中华兴盛[赞][赞][赞]
一缕经烟,广东,2024-12-04 23:09:16,[赞][赞][赞][赞][赞][赞]
我是谁呢,天津,2024-12-04 23:04:12,第一
'@小杨同学很哇塞,四川,2024-12-04 23:05:21,第一个
生而不樊,陕西,2024-12-04 23:09:13,[鼓掌][鼓掌][鼓掌]
大理弥渡的小自在景洪,云南,2024-12-04 23:09:08,哇塞
仔妈菲菲,陕西,2024-12-09 12:39:21,文化自信，民族荣誉感
Wwwww,广东,2024-12-04 23:09:05,哈哈哈哈哈哈哈哈哈哈哈哈
绳网用户6626,河南,2024-12-04 23:08:58,春节[赞][赞][赞]
川贝(妖股终结者),四川,2024-12-04 23:06:28,祝大家春节快乐，蛇年春节还有56天[呲牙][呲牙][呲牙]
大风,山西,2024-12-04 23:08:50,炮能放了吗
MARIo,广东,2024-12-04 23:04:11,恭喜
且坐等春树,安徽,2024-12-04 23:09:07,[鼓掌][鼓掌][鼓掌][鼓掌][鼓掌][鼓掌][鼓掌][鼓掌][鼓掌][鼓掌][鼓掌][鼓掌][鼓掌][鼓掌][鼓掌][鼓掌][鼓掌]
hyspy,新疆,2024-12-04 23:07:41,祝贺我妈[大笑][大笑][大笑]
张科,江苏,2024-12-04 23:07:38,人民的期待
SPJ,广西,2024-12-04 23:08:24,祝贺，第一[呲牙][呲牙][呲牙]
没有雪的冬天丶,新疆,2024-12-04 23:07:57,威武！
我要吃包子,安徽,2024-12-04 23:08:55,[呲牙][呲牙][呲牙]
用户6412963670424,广东,2024-12-04 23:09:07,祝祖国越来越繁荣昌盛
泊@,河南,2024-12-04 23:08:55,祝祖国繁荣昌盛，人民幸福安康[抱抱你][抱抱你][抱抱你]
爱由zjy见证.,江苏,2024-12-04 23:09:08,[看][看][看]
枫林绿洲,四川,2024-12-04 23:07:42,我们南充的节日
丌  生,广东,2024-12-04 23:05:10,新年快乐！
高山流水608,浙江,2024-12-04 23:09:09,[鼓掌][鼓掌][鼓掌]
赵亮（专业拆打工程）,广东,2024-12-04 23:06:46,中国人自己的节日[比心][比心][比心]
你算那块小饼干,广东,2024-12-04 23:06:26,能放烟花庆祝一下不
Z大块冰,江苏,2024-12-04 23:05:38,要坚决保护好中华优秀传统文化
一碗苦涩的猪杂粉,广东,2024-12-04 23:06:24,首评发发
枫林绿洲,四川,2024-12-04 23:08:39,@四川文旅 @南充文旅 @高坪文旅 上活
千浔,福建,2024-12-04 23:07:06,骄傲！！！
初・,安徽,2024-12-04 23:07:15,恭喜[送心][送心][送心]
棒棒唐,贵州,2024-12-04 23:07:06,春节快乐，大吉大利[送心][送心][送心]
风再起时,广东,2024-12-04 23:04:56,祝贺申遗成功[赞][赞][赞]
飞,河北,2024-12-04 23:07:34,广东发来祝贺
守护昆仑,新疆,2024-12-04 23:08:05,新年快乐啊。
卖果果的老阿姨,四川,2024-12-04 23:07:02,哈哈，过年假期延长
沫时,浙江,2024-12-04 23:07:36,春节也是好起来了[捂脸]
飞天日月,辽宁,2024-12-04 23:09:08,[烟花][烟花][烟花]
任多同学,天津,2024-12-04 23:08:34,春节假期增加一起庆祝一下[抱抱你][抱抱你][抱抱你]
复帅,江苏,2024-12-04 23:04:31,我第一哦
等风来“,浙江,2024-12-04 23:06:59,一楼出现了[黑脸][黑脸][黑脸]
菠萝咕噜肉,安徽,2024-12-04 23:07:03,[小鼓掌]恭喜！！！
降乾,重庆,2024-12-04 23:08:03,i第一
银杏树红枫绿化,江苏,2024-12-04 23:07:14,提前祝大家：春节快乐，恭喜发财[比心]
忘,天津,2024-12-04 23:08:58,[玫瑰][玫瑰][玫瑰][玫瑰]
施振华-馒头,广东,2024-12-04 23:08:53,[奸笑][奸笑][奸笑][奸笑][奸笑][奸笑]我也能体验非物质文化遗产的活动了
小奥哥哥,浙江,2024-12-04 23:08:06,新春快乐！
所以，,江苏,2024-12-04 23:08:38,所以春节国际化了
书法人生,河南,2024-12-04 23:06:43,这次韩国没有抢注吗？
李碗北,上海,2024-12-04 23:05:18,好
小逝舟,江西,2024-12-04 23:05:30,哇哇哇哇哇哇终于[大笑][大笑][大笑]
小胖呀！,广东,2024-12-04 23:05:24,一楼，我出息了
西红柿炒鸡蛋,山东,2024-12-04 23:06:05,[赞][赞][赞][赞][赞][赞]太棒啦
星云煮雪,广东,2024-12-04 23:09:13,[玫瑰][玫瑰][玫瑰]
晨曦《勿连赞》,广东,2024-12-07 08:05:35,好消息，中国文化博大精深，走向世界！
谷谷酱,浙江,2024-12-04 23:08:49,恭喜
优秀的绵羊,河南,2024-12-04 23:08:57,[赞][赞][赞]
世界上的衰小孩,浙江,2024-12-04 23:08:03,喜报，我前排
zang,江苏,2024-12-04 23:06:25,恭喜恭喜
栋梁书画艺术,江苏,2024-12-04 23:05:38,祝贺春节申报成功[666][666][666][比心][比心][比心]
水水濑,中国香港,2024-12-04 23:08:56,[玫瑰][玫瑰][玫瑰]
嘿！佳哥,山东,2024-12-04 23:07:36,大家，过年好[礼物][礼物][礼物]
努力x,山西,2024-12-04 23:06:57,见证了
熠,河南,2024-12-04 23:07:11,[赞][赞][赞]
有何不可？,广西,2024-12-04 23:07:28,第一
沫小萱,广东,2024-12-04 23:05:51,来了
行走的小马,河北,2024-12-04 23:08:28,第一嘛[呲牙][呲牙][呲牙]
ing,四川,2024-12-04 23:08:58,[鼓掌][鼓掌][鼓掌]
万事有嘴，啥都能毁,陕西,2024-12-04 23:08:54,恭喜恭喜啊
中国国家旅游,未知,2024-12-04 23:21:46,[鼓掌][鼓掌][鼓掌]
一只狗子i,广东,2024-12-04 23:08:26,首评 沙发[奸笑][奸笑][奸笑][奸笑][奸笑][奸笑][奸笑][奸笑][奸笑]
天马流星拳,广东,2024-12-04 23:07:50,烧烟花！！！[666][666][666]
一个盒子,吉林,2024-12-04 23:09:05,第一
胖虎射线biubiubiu,江苏,2024-12-04 23:07:57,[绿帽子][绿帽子][绿帽子]，快要过年了，开心开心，我想浪漫的巴蜀了[流泪][流泪][流泪]
看不到都说好,广东,2024-12-04 23:08:13,春节愉快
用户1334695073526,河南,2024-12-04 23:07:19,我来了
定定的小肥仔,广西,2024-12-04 23:08:17,这个！？
韩怼怼,甘肃,2024-12-04 23:08:52,[赞][赞][赞]
？。？,陕西,2024-12-04 23:06:51,不能吧我是第一个？？[不失礼貌的微笑][不失礼貌的微笑][不失礼貌的微笑][不失礼貌的微笑][不失礼貌的微笑][不失礼貌的微笑][不失礼貌的微笑][不失礼貌的微笑][不失礼貌的微笑]
普罗旺斯流云,湖北,2024-12-04 23:06:36,庆祝[呲牙][呲牙][呲牙]
阿晓,湖南,2024-12-04 23:08:52,我第一个评论？
"8.12,8.16",浙江,2024-12-04 23:07:22,芜湖！！
Yolo金,江苏,2024-12-04 23:05:24,抢
。。。,福建,2024-12-04 23:05:29,。
无颜祖,广东,2024-12-04 23:07:59,首评
迷你世界烧烤,山东,2024-12-04 23:09:22,沙发[呲牙][呲牙][呲牙]
小阿哥,浙江,2024-12-04 23:06:02,第一[强壮][强壮][强壮]
啊小乐,安徽,2024-12-04 23:08:52,[赞]
柴米油盐,甘肃,2024-12-04 23:06:50,首评
非凡要努力,河南,2024-12-04 23:07:18,[赞][赞][赞]
余生陪你走,广东,2024-12-04 23:07:58,[赞][赞][赞][赞][赞][赞][赞][赞][赞][赞][赞][赞]
中长跑高手,江西,2024-12-04 23:05:38,[赞][赞][赞]
释理延,福建,2024-12-04 23:05:37,[赞][赞][赞]
user_ffff，,河南,2024-12-04 23:08:05,[赞][赞][赞][赞][赞][赞]
不知名,广东,2024-12-04 23:05:15,[666][666][666][赞][赞][赞]
李木子,重庆,2024-12-04 23:08:47,[赞][赞][赞][赞][赞][赞][赞][赞][赞]
米娜酱,河南,2024-12-04 23:09:22,[比心][比心][比心]
（李）,上海,2024-12-04 23:08:14,[赞][赞][赞]
L    Z    F,河南,2024-12-04 23:05:35,[赞][赞][赞]
鹿鸣,宁夏,2024-12-04 23:08:24,[赞][赞][赞]
猛踹瘸子那条好腿！,新疆,2024-12-04 23:08:36,[看][看][看]
飞跃,江苏,2024-12-04 23:05:40,[玫瑰][玫瑰][玫瑰]
Protection。,广东,2024-12-04 23:07:05,[赞]
川鹤,浙江,2024-12-04 23:07:02,第一
庭琛,河北,2024-12-04 23:08:50,[玫瑰][玫瑰][玫瑰]
啦儿啦队长,四川,2024-12-04 23:06:33,好耶
莫异妖苗,河南,2024-12-04 23:07:14,[赞][赞][赞]首评
一抹晨曦,河北,2024-12-04 23:07:59,[偷笑][偷笑][偷笑]
胡哲睿,浙江,2024-12-04 23:07:00,[赞][赞][赞]
[ 心 的文案,贵州,2024-12-04 23:05:44,[赞][赞][赞][赞][赞][赞][赞][赞][赞][鼓掌][鼓掌][鼓掌][鼓掌][鼓掌][鼓掌][鼓掌][鼓掌]
不会是波波吧,广东,2024-12-04 23:06:03,[击掌][击掌][击掌]
呜呜呜呜呜呜呜呜呜呜呜呜呜呜呜呜呜,山东,2024-12-04 23:05:15,[赞][赞][赞]
鱼前戴刀食味,四川,2024-12-04 23:07:54,[泣不成声][泣不成声][泣不成声][666][666][666]
GODD-古得先生,广东,2024-12-04 23:05:19,[666]
Zhang.j,安徽,2024-12-04 23:06:16,[赞][赞][赞]
阿宸,河南,2024-12-04 23:09:00,[赞]
侠*客*行,广东,2024-12-04 23:07:02,[赞][赞][赞][赞][赞][赞]
55555,湖南,2024-12-04 23:06:15,1
Y,贵州,2024-12-04 23:07:22,[撒花][撒花][撒花]
11.09,贵州,2024-12-04 23:06:04,[击掌][击掌][击掌][击掌][击掌][击掌][击掌]
Raye怿,北京,2024-12-04 23:08:38,祝贺[鼓掌][鼓掌][鼓掌]
一路亮剑,广东,2024-12-04 23:07:22,[赞][赞][赞]
钏,广西,2024-12-04 23:08:37,[赞][赞][赞]
颖川,江苏,2024-12-04 23:05:56,[撒花][撒花][撒花][撒花][撒花][撒花]
咕噜咕噜响,江苏,2024-12-04 23:06:42,[赞][赞][赞]
山廿廿,山东,2024-12-04 23:06:54,[赞][赞][赞]
懵懂少年,四川,2024-12-04 23:06:18,[赞][赞][赞]
藁城 小贺吊顶,河北,2024-12-04 23:08:25,[666][666][666]
^_^／,吉林,2024-12-04 23:05:49,[送心][送心][送心]
开开心心每一天！,甘肃,2024-12-04 23:06:59,[赞][赞][赞][666][666][666][玫瑰][玫瑰][玫瑰]
Ho军,广东,2024-12-04 23:06:32,[鼓掌][鼓掌][鼓掌]
l守望黎明i,四川,2024-12-04 23:08:58,[赞][赞][赞]
一条淡水O,河北,2024-12-04 23:06:19,[快哭了][快哭了][快哭了]
shadow,广东,2024-12-04 23:05:43,[666][666][666][666][666][666][666]
Maggie,上海,2024-12-04 23:06:06,[赞][赞][赞]
秋情洁,上海,2024-12-04 23:06:25,[玫瑰][玫瑰][玫瑰]
熊猫喵喵喵,内蒙古,2024-12-04 23:08:35,[撒花][撒花][撒花]
君宝,新疆,2024-12-04 23:05:57,[赞][赞][赞]
乔呀啊,四川,2024-12-04 23:06:53,[坏笑][坏笑][坏笑]
你好哦,广东,2024-12-04 23:07:07,[撒花][撒花][撒花][撒花]
宸泽宠物俱乐部,湖北,2024-12-04 23:05:42,[比心][比心][比心][比心][比心][比心][比心][比心][比心]
清寒~,重庆,2024-12-04 23:09:07,[玫瑰][玫瑰][玫瑰][玫瑰][玫瑰][玫瑰]
承德你好气球派对~龙,河北,2024-12-04 23:05:52,[赞][赞][赞][赞][赞][赞]
无法长大`,陕西,2024-12-04 23:06:01,[赞][赞][赞]
胖虎_ikun,江苏,2024-12-04 23:07:18,[赞][赞][赞]
老杨.,浙江,2024-12-04 23:05:26,[比心][比心][比心]
辰月,广东,2024-12-04 23:06:08,[赞][赞][赞]
四月初雨,广东,2024-12-04 23:05:37,[玫瑰][玫瑰][玫瑰]
银子,浙江,2024-12-04 23:08:10,啊啊啊啊啊啊
前旗中通快递,内蒙古,2024-12-04 23:06:03,第一？
街角,安徽,2024-12-04 23:07:37,祝贺
朽木不可雕也,陕西,2024-12-04 23:07:22,好的
,辽宁,2024-12-04 23:05:09,[赞][赞][赞]
l.,浙江,2024-12-04 23:07:30,[击掌][击掌][击掌]
憨批笙,广东,2024-12-04 23:08:12,[赞][赞][赞]
找点儿水饺,河南,2024-12-04 23:06:02,[赞][赞][赞]
纸飞机,江苏,2024-12-04 23:05:12,[强][强][强]
P2O5*Fe3O4,湖北,2024-12-04 23:05:57,[小鼓掌][小鼓掌][小鼓掌]
惜缘情深,广东,2024-12-04 23:08:33,[鼓掌][鼓掌][鼓掌]
九分喜欢,河南,2024-12-04 23:06:57,[赞][赞][赞]
陈段,辽宁,2024-12-04 23:07:37,[赞][赞][赞]
oooooc,陕西,2024-12-04 23:06:46,恭喜恭喜
普罗旺斯流云,湖北,2024-12-04 23:06:45,第一[呲牙][呲牙][呲牙]
Good Time,陕西,2024-12-04 23:06:38,厉害[比心][比心][比心]
钰杰,广西,2024-12-04 23:08:11,好的[比心][比心][比心]
乘风破浪 王经理,湖南,2024-12-04 23:07:45,[泣不成声][泣不成声][泣不成声]
我不哭^O^我叫坚强,吉林,2024-12-04 23:07:07,[呲牙][呲牙][呲牙]
永远保持热爱,山东,2024-12-04 23:04:54,[玫瑰][玫瑰][玫瑰]
HolyRay,广东,2024-12-04 23:06:13,[色][色][色]
猛踹瘸子那条好腿！,新疆,2024-12-04 23:08:50,@[呲牙][呲牙][呲牙]
奇台即刻达汽车托运,新疆,2024-12-04 23:06:54,[赞][赞][赞]
黎,广东,2024-12-04 23:07:35,[赞][赞][赞]
镰刀刮腋毛,河南,2024-12-04 23:06:32,[比心][比心][比心]
小冷哥用不了,江西,2024-12-04 23:05:23,[比心][比心][比心]
赵麻麻好品分享,广东,2024-12-04 23:08:53,[比心][比心][比心]
让我康康,广东,2024-12-04 23:07:05,1
・Aurora・,辽宁,2024-12-04 23:07:29,感觉好险的样子[抠鼻]
Ronnie,四川,2024-12-04 23:04:52,[666][666][666]
从你的全世界路过~,浙江,2024-12-04 23:08:23,恭喜恭喜
壹米滴答胜芳八达博览城全责004838,河北,2024-12-04 23:05:06,[宕机][宕机][宕机]
Mr 林,四川,2024-12-04 23:05:38,[赞]
一世无虞,重庆,2024-12-04 23:07:47,[赞][赞][赞]
用户41469066940,河北,2024-12-04 23:07:50,1
哈哈哈啊哈,浙江,2024-12-04 23:06:45,[赞][赞][赞]
悟@游,北京,2024-12-04 23:07:37,[鼓掌][鼓掌][鼓掌]
许哥哥,山东,2024-12-04 23:08:35,[赞][赞][赞]
兔年大吉！,广西,2024-12-04 23:05:31,[666][666][666]
阿晓,湖南,2024-12-04 23:08:37,[爱心][爱心][爱心]
嫡迪,湖北,2024-12-04 23:08:44,[赞][赞][赞][比心][比心][比心][玫瑰][玫瑰][玫瑰]
长恒,浙江,2024-12-04 23:09:06,[赞][赞][赞][赞][赞][赞]
冰冰水果糖666,重庆,2024-12-04 23:09:17,[赞][赞][赞]
失忆蝴蝶,广西,2024-12-04 23:08:44,[赞][赞][赞]
TnnSun,云南,2024-12-04 23:07:35,祝贺[赞][赞][赞]
馨霸音响,安徽,2024-12-04 23:08:30,[666][666][666][666][666][666]
应老此江湖,重庆,2024-12-04 23:07:51,真好
天青色等烟雨,北京,2024-12-04 23:05:12,首评
弘,湖北,2024-12-04 23:06:30,[666][666][666]
一衰烟雨任平生,广东,2024-12-04 23:08:31,[赞][赞][赞][赞][赞]
Dawn,广东,2024-12-04 23:08:28,[玫瑰][玫瑰][玫瑰]
转朱阁,江苏,2024-12-04 23:08:19,[666][666][666]
喜欢吃酥肉,重庆,2024-12-04 23:08:52,[赞][赞][赞]
小小小小小草,四川,2024-12-04 23:09:18,第一[比心][比心][比心]
太阳当空赵、,浙江,2024-12-04 23:08:54,[玫瑰]
橘子宸,山东,2024-12-04 23:08:21,[玫瑰][玫瑰][玫瑰]
yywhxjk,广东,2024-12-04 23:08:18,[鼓掌][鼓掌][鼓掌]
猛踹瘸子那条好腿！,新疆,2024-12-04 23:08:46,[坏笑][坏笑][坏笑]
别人家的女朋友,浙江,2024-12-04 23:09:19,[赞][赞][赞][赞][赞][赞][赞][赞][赞][赞][赞][赞]
biu biu biu,安徽,2024-12-04 23:08:07,[赞][赞][赞][赞]
"luorioi""",河北,2024-12-04 23:08:09,[赞][赞][赞][赞][赞][赞][赞][玫瑰][玫瑰][玫瑰]
记得吃药,福建,2024-12-04 23:06:37,第一[听歌][听歌][听歌]
Say幸福,河南,2024-12-04 23:07:59,[比心][比心][比心]
77源,辽宁,2024-12-04 23:08:00,[赞][赞][赞]
黄彩云,广东,2024-12-04 23:07:58,[赞][赞][赞]
一往无前,广东,2024-12-04 23:08:00,[赞][赞][赞]
Habit/aiqlove,河南,2024-12-04 23:07:57,[撒花][撒花][撒花]
唐白,四川,2024-12-04 23:08:16,[泣不成声][泣不成声][泣不成声]
蓝石恋紫,湖北,2024-12-04 23:07:52,[赞][赞][赞]
工艺酒瓶茶具,河北,2024-12-04 23:08:11,[捂脸][捂脸][捂脸]
Young123,河南,2024-12-04 23:07:52,[玫瑰][玫瑰][玫瑰]
丿梦舞灬解愁、,广东,2024-12-04 23:07:56,[玫瑰][玫瑰][玫瑰]
ssy,湖北,2024-12-04 23:07:54,[玫瑰][玫瑰][玫瑰]
东京湾钓鱼的黑脸猫,广东,2024-12-04 23:07:58,第一
初佟,广西,2024-12-04 23:09:11,[玫瑰][玫瑰][玫瑰]
老姚同学,江苏,2024-12-04 23:07:23,第一[耶][耶][耶]
风调雨顺,山东,2024-12-04 23:07:20,[赞][赞][赞]
一曲红绡不知数,河南,2024-12-04 23:07:21,[赞][赞][赞]
流金岁月,江苏,2024-12-04 23:07:23,[赞][赞][赞]
麦序,河北,2024-12-04 23:07:31,[赞][赞][赞]
用户1335511097002,广东,2024-12-04 23:07:17,[赞][赞][赞]
晨辉欲晓,河南,2024-12-04 23:07:22,[赞][赞][赞]
还认识早晨吗,山东,2024-12-04 23:07:44,[玫瑰][玫瑰][玫瑰]
X,安徽,2024-12-04 23:07:47,[赞][赞][赞]
Future_Leon,江苏,2024-12-04 23:07:46,[比心][比心][比心]
你猜,陕西,2024-12-04 23:07:45,[灵机一动][灵机一动][灵机一动]
晓看云,广西,2024-12-04 23:07:12,[鼓掌][鼓掌][鼓掌][鼓掌][鼓掌][鼓掌]
biu biu biu,安徽,2024-12-04 23:07:54,第一
夜市白天怎么关门了,广东,2024-12-04 23:07:45,[鼓掌][鼓掌][鼓掌]
一诺星辰,湖南,2024-12-04 23:09:11,1
Mr.gaga,四川,2024-12-04 23:05:10,[赞][赞][赞]
向阳 李,辽宁,2024-12-04 23:06:35,啥意思，跟他们有啥关系
王庙村最穷的困难户,湖北,2024-12-04 23:06:57,[击掌][击掌][击掌]
￥,黑龙江,2024-12-04 23:06:59,[赞][赞][赞]
港城烧腊,广东,2024-12-04 23:07:10,[比心][比心][比心]
超能派大星~zZ,云南,2024-12-04 23:06:55,[玫瑰][玫瑰][玫瑰][玫瑰][玫瑰][玫瑰][玫瑰]
半世流离墙板线条批发,河北,2024-12-04 23:06:58,[鼓掌][鼓掌][鼓掌]
谢伟彬,广东,2024-12-04 23:06:37,[鼓掌][鼓掌][鼓掌][赞][赞][赞]
扒鸡,福建,2024-12-04 23:06:59,[玫瑰][玫瑰][玫瑰]
超不能喝酒,山西,2024-12-04 23:06:19,[呲牙][呲牙][呲牙]
夕阳红在,重庆,2024-12-04 23:06:54,[玫瑰][玫瑰][玫瑰]
别演我！！！,浙江,2024-12-04 23:06:19,[赞]
年华,广东,2024-12-04 23:06:41,[666][666][666]
像你,广东,2024-12-04 23:06:27,[捂脸][捂脸][捂脸]
安。,山东,2024-12-04 23:09:07,1
我钟意你呀,广东,2024-12-04 23:05:45,[鼓掌][鼓掌][鼓掌][鼓掌][鼓掌][鼓掌][鼓掌][鼓掌][鼓掌][鼓掌][鼓掌]
李大可,广东,2024-12-04 23:05:59,[比心][比心][比心]
大阿牛,河南,2024-12-04 23:05:47,第一？
显而易见,江苏,2024-12-04 23:05:40,[鼓掌][鼓掌][鼓掌][玫瑰][玫瑰][玫瑰]
胡萝卜须,浙江,2024-12-04 23:05:32,[鼓掌][鼓掌][鼓掌]
我钟意你呀,广东,2024-12-04 23:05:29,[赞][赞][赞]
米,新疆,2024-12-04 23:05:39,[玫瑰][玫瑰][玫瑰]
世俗尘埃,山东,2024-12-04 23:05:54,[玫瑰][玫瑰][玫瑰]
雾～,四川,2024-12-04 23:06:04,[鼓掌]
Ronald,江苏,2024-12-04 23:05:34,666
季..,天津,2024-12-04 23:05:43,[鼓掌][鼓掌][鼓掌]
minmin,江苏,2024-12-04 23:05:55,[耶][耶][耶]
峥嵘,河南,2024-12-04 23:05:25,[鼓掌][鼓掌][鼓掌]
、Jeep,江苏,2024-12-04 23:05:21,[赞][赞][赞]
Libra,广东,2024-12-04 23:05:45,第一[微笑][微笑][微笑]
已老实.,广东,2024-12-04 23:05:20,[赞][赞][赞][赞][赞][赞][赞][赞][赞]
猴子大王0108,浙江,2024-12-04 23:04:56,[赞][赞][赞]
少君啊,广东,2024-12-04 23:05:08,第一[玫瑰][玫瑰][玫瑰]
石圪节公社胡得禄,江苏,2024-12-04 23:05:42,1
Hehehe,江苏,2024-12-04 23:05:02,[玫瑰][玫瑰][玫瑰]
whz,陕西,2024-12-04 23:04:24,[撒花][撒花][撒花]
明月天涯.,辽宁,2024-12-04 23:04:46,第一
当初的少年,河北,2024-12-04 23:09:10,[比心][比心][比心]
初学回忆,山东,2024-12-04 23:08:54,[赞][赞][赞][赞][赞][赞]
1234..,黑龙江,2024-12-04 23:09:03,[赞][赞][赞]
团团爸爸,吉林,2024-12-04 23:06:50,[赞][赞][赞]
茶茄酒,广东,2024-12-04 23:08:07,[666][666][666]
大元德,浙江,2024-12-04 23:09:00,[感谢][感谢][感谢]
hwllo,河北,2024-12-04 23:09:20,[赞][赞][赞]
吃你的饭吧,四川,2024-12-04 23:05:16,[玫瑰][玫瑰][玫瑰][玫瑰][玫瑰][玫瑰][玫瑰][玫瑰][玫瑰]
爱吃包子,陕西,2024-12-04 23:05:44,[比心][比心][比心]
光哥哥哇哇哇,浙江,2024-12-04 23:08:58,[赞][赞][赞]
熊雄商学,山东,2024-12-06 19:21:00,[赞][赞][赞]
山山里农场,湖北,2024-12-05 16:09:58,[赞][赞]
小涛吖,四川,2024-12-05 12:12:24,[赞][赞]
雄鹰,四川,2024-12-05 07:43:12,[赞][赞]
用户1703399333111,河北,2024-12-04 23:09:22,没听懂啥意思[捂脸][捂脸][捂脸]
所以，,江苏,2024-12-04 23:09:06,我第一，我要求官方给我点赞[思考][思考][思考]
五月的婵,重庆,2024-12-04 23:09:05,庆祝[加鸡腿][加鸡腿][加鸡腿]
甜磕九度甜,湖南,2024-12-04 23:08:58,[打call][打call][打call][打call]
宁爱,辽宁,2024-12-04 23:08:42,祝贺[玫瑰][玫瑰][玫瑰][玫瑰][玫瑰]
开心兜兜,河南,2024-12-04 23:08:35,首评[玫瑰][玫瑰][玫瑰][赞][赞][赞]
此z生不换,河南,2024-12-04 23:08:33,[送心][送心][送心]开心！
一个旋呐,新疆,2024-12-04 23:08:05,[大笑][大笑][大笑]太棒啦
跟你最最好,湖北,2024-12-04 23:08:05,[打call][打call][打call][打call][打call]
阳光飞行员,江西,2024-12-04 23:07:37,恭喜[鼓掌][鼓掌][鼓掌][鼓掌][鼓掌][鼓掌][鼓掌][鼓掌][鼓掌]
元宝好,安徽,2024-12-04 23:07:37,气氛都到这了，那就提前祝大家新年快乐。[白眼][白眼][白眼]
银子,浙江,2024-12-04 23:07:31,第一[泣不成声][泣不成声][泣不成声]
52Hetrz,山东,2024-12-04 23:07:28,山东人民发来贺电[玫瑰][玫瑰][玫瑰]
隘子小镇小美,广东,2024-12-04 23:07:20,[大笑][大笑][大笑][大笑][大笑][大笑][大笑][大笑][大笑]哇
来咯我,甘肃,2024-12-04 23:07:08,我是第一[捂脸][捂脸][捂脸]
顺其自然,山东,2024-12-04 23:05:28,热烈祝贺！[呲牙][呲牙][呲牙]
就最后再吃一口啦,重庆,2024-12-04 23:06:39,[抱抱你][抱抱你][抱抱你]
郑三岁啦,浙江,2024-12-04 23:06:10,恭喜恭喜[鼓掌][鼓掌][鼓掌]
雪伟,广东,2024-12-04 23:05:48,棒棒哒[鼓掌][鼓掌][鼓掌]
别回头等我,河北,2024-12-04 23:05:20,恭喜恭喜恭喜[赞][赞][赞][玫瑰][玫瑰][玫瑰]
千浔,福建,2024-12-04 23:06:29,祝贺！！！！[鼓掌][鼓掌][鼓掌][玫瑰][玫瑰][玫瑰]
狸秋雨,广东,2024-12-04 23:07:56,中华文化博大精深！源远流长！[赞][赞][赞]
凭栏望江雪,河南,2024-12-04 23:07:17,我爱我的祖国，我爱我们的国旗
星州,江西,2024-12-04 23:06:42,第一[色]
后街老超,河北,2024-12-04 23:07:23,[赞][赞][赞]
雨天撑伞人,山东,2024-12-04 23:05:53,第一[比心][比心][比心]
往事随风6688,浙江,2024-12-04 23:09:22,[赞][赞][赞]
祢豆子,上海,2024-12-04 23:08:32,han。。。国人。。。偷不掉了，哈哈
小莲,重庆,2024-12-07 14:22:26,哎很开心！但是疫苗打的让我内心很悲观[流泪]
ddmdgzymlxrb,河南,2024-12-04 23:08:29,要不是防韩还不会申请
卡布丁,浙江,2024-12-05 07:22:39,春节 最早是起源于我们韩国的传统节日[微笑]
儿童故事大全,辽宁,2024-12-05 00:45:03,韩国棒子要哭了[捂脸][捂脸][捂脸][捂脸][捂脸]
猪儿李,四川,2024-12-04 23:08:17,鞭炮都不准放，还申遗
锅里有^O^周,湖南,2024-12-04 23:07:20,不知道审下来有什么意义
梦想输入中,北京,2024-12-04 23:06:12,这下棒子抢不走了吧
瑾年,云南,2024-12-04 23:06:17,不让放烟花，一点年味都没有。
黑白之间,上海,2024-12-04 23:06:54,[玫瑰][玫瑰][玫瑰]春节万家灯火齐闪亮，阖家幸福安康庆团圆[玫瑰][玫瑰][玫瑰]
彼一时,山东,2024-12-04 23:07:34,再不申请怕又被韩国抢了[捂脸][捂脸][捂脸]
一者,浙江,2024-12-04 23:08:36,春节没给南韩 我就放心了[呲牙][呲牙][呲牙]
少君啊,广东,2024-12-04 23:05:08,第一[玫瑰][玫瑰][玫瑰]
壹米滴答胜芳八达博览城全责004838,河北,2024-12-04 23:05:06,[宕机][宕机][宕机]
Hehehe,江苏,2024-12-04 23:05:02,[玫瑰][玫瑰][玫瑰]
猴子大王0108,浙江,2024-12-04 23:04:56,[赞][赞][赞]
明月天涯.,辽宁,2024-12-04 23:04:46,第一
whz,陕西,2024-12-04 23:04:24,[撒花][撒花][撒花]
